title,category,description,location_x,location_y,date,address,instagram,logo,flyer_link
TODO AL PISO ARG,MEET,Consultar detalles del evento en Instagram.,-34.38078417,-59.10681487,2024-12-23,Camping Fatica,https://www.instagram.com/urban_meet2k24,https://lucasmarandola.github.io/taiyoracingco/goodies/map/icons_event/urban_meet2k24.jpg,NONE
Turismo Internacional,RACE,Libertad de preparación y una multitud de orígenes: la única regla de mayor importancia es que los autos hayan sido comercializados en el mercado argentino.,-34.9808642,-58.18128397,2024-12-23,Autódromo Roberto José Mouras,https://www.instagram.com/turismointerok/,https://lucasmarandola.github.io/taiyoracingco/goodies/map/icons_event/competencias/turismointerok.jpg,NONE
Turismo Internacional,RACE,Libertad de preparación y una multitud de orígenes: la única regla de mayor importancia es que los autos hayan sido comercializados en el mercado argentino.,-34.9808642,-58.18128397,2024-12-22,Autódromo Roberto José Mouras,https://www.instagram.com/turismointerok/,https://lucasmarandola.github.io/taiyoracingco/goodies/map/icons_event/competencias/turismointerok.jpg,NONE
RALLY PRIMERA MILLA,EVENT,Consultar detalles del evento en Instagram.,"-34.46700684077699, -58.85828873176854",-58.49383346,2024-12-20,Martindale Country Club,https://www.instagram.com/prontorotulo/,https://lucasmarandola.github.io/taiyoracingco/goodies/map/icons_place/pronto%20rotulo.png,NONE
Fórmula 4 Nueva Generación,RACE,Consultar detalles del evento en Instagram.,-34.9808642,-58.18128397,2024-12-16,Autódromo Roberto José Mouras,https://www.instagram.com/formula4ng/,https://lucasmarandola.github.io/taiyoracingco/goodies/map/icons_event/competencias/formula4ng.jpg,NONE
ALMA,RACE,Consultar detalles del evento en Instagram.,-34.9808642,-58.18128397,2024-12-10,Autódromo Roberto José Mouras,https://www.instagram.com/almaprensa,https://lucasmarandola.github.io/taiyoracingco/goodies/map/icons_event/competencias/almaprensa.jpg,NONE
#OldTimeMeet,EVENT,Consultar detalles del evento en Instagram.,-35.43423162,-60.90831145,2024-12-09,Autódromo 9 de Julio,https://www.instagram.com/oldtimemeet.oficial/,https://lucasmarandola.github.io/taiyoracingco/goodies/map/icons_event/oldtimemeet.oficial.jpg,NONE
100 Vueltas ELF,RACE,Consultar detalles del evento en Instagram.,-34.69522091,-58.46177878,2024-12-09,Autódromo Óscar y Juan Gálvez,https://www.instagram.com/24hsbuenosaires,https://lucasmarandola.github.io/taiyoracingco/goodies/map/icons_event/competencias/24hsbuenosaires.jpg,NONE
600 LIGHT,RACE,Consultar detalles del evento en Instagram.,-34.9808642,-58.18128397,2024-12-09,Autódromo Roberto José Mouras,https://www.instagram.com/fiat600light1.3i,https://lucasmarandola.github.io/taiyoracingco/goodies/map/icons_event/competencias/fiat600light1.3i.jpg,NONE
AMIGOS FIAT 1400 ,RACE,Consultar detalles del evento en Instagram.,-34.9808642,-58.18128397,2024-12-09,Autódromo Roberto José Mouras,https://www.instagram.com/amigosfiat1400/,https://lucasmarandola.github.io/taiyoracingco/goodies/map/icons_event/competencias/amigosfiat1400.jpg,NONE
Copa Abarth Argentina,RACE,Consultar detalles del evento en Instagram.,-43.30095224,-65.27143454,2024-12-09,Autódromo Mar y Valle,https://www.instagram.com/prensatn/,https://lucasmarandola.github.io/taiyoracingco/goodies/map/icons_event/competencias/copaabartharg.jpg,NONE
Stance Society 5º Edición,MEET,Mas detalles en Instagram.,-34.54837554,-58.43583352,2024-12-09,Golden Center,https://www.instagram.com/stancesocietyarg/,https://lucasmarandola.github.io/taiyoracingco/goodies/events/event_logos/event_stance.jpg,NONE
Top Race,RACE,Consultar detalles del evento en Instagram.,-34.69522091,-58.46177878,2024-12-09,Autódromo Óscar y Juan Gálvez,https://www.instagram.com/topraceok,https://lucasmarandola.github.io/taiyoracingco/goodies/map/icons_event/competencias/topraceok.jpg,NONE
Turismo Nacional,RACE,Una competencia con autos de calle accesibles y cercanos al público. ,-43.30095224,-65.27143454,2024-12-09,Autódromo Mar y Valle,https://www.instagram.com/prensatn/,https://lucasmarandola.github.io/taiyoracingco/goodies/map/icons_event/competencias/prensatn.jpg,NONE
Córdoba Pista,RACE,Consultar detalles del evento en Instagram.,-31.57830129,-64.36767439,2024-12-09,Autódromo Oscar Cabalén,https://www.instagram.com/CordobaPista/,https://lucasmarandola.github.io/taiyoracingco/goodies/map/icons_event/competencias/cordobapista.jpg,NONE
Copa Gol VW del Sudeste,RACE,Consultar detalles del evento en Instagram.,-38.35484867,-59.59093703,2024-12-09,Autodromo San Cayetano,https://www.instagram.com/vwgolsud/,https://lucasmarandola.github.io/taiyoracingco/goodies/map/icons_event/competencias/vwgolsud.jpg,NONE
Turismo Sport del Sudeste,RACE,Consultar detalles del evento en Instagram.,-38.35484867,-59.59093703,2024-12-09,Autodromo San Cayetano,https://www.instagram.com/tssudeste/,https://lucasmarandola.github.io/taiyoracingco/goodies/map/icons_event/competencias/tssudeste.jpg,NONE
Fiat 600 ATN,RACE,Consultar detalles del evento en Instagram.,-34.9808642,-58.18128397,2024-12-09,Autódromo Roberto José Mouras,https://www.instagram.com/f600atn/,https://lucasmarandola.github.io/taiyoracingco/goodies/map/icons_event/competencias/f600atn.jpg,NONE
Fórmula Renault Plus CBA,RACE,Consultar detalles del evento en Instagram.,-31.57830129,-64.36767439,2024-12-09,Autódromo Oscar Cabalén,https://www.instagram.com/fr_pluscba/,https://lucasmarandola.github.io/taiyoracingco/goodies/map/icons_event/competencias/fr_pluscba.jpg,NONE
Turismo Pista Neuquino,RACE,Consultar detalles del evento en Instagram.,-38.85379471,-68.15331741,2024-12-09,Autódromo Parque Provincia del Neuquén,https://www.instagram.com/turismopistaneuquino/,https://lucasmarandola.github.io/taiyoracingco/goodies/map/icons_event/competencias/turismopistaneuquino.jpg,NONE
TC Neuquino,RACE,Consultar detalles del evento en Instagram.,-38.85379471,-68.15331741,2024-12-09,Autódromo Parque Provincia del Neuquén,https://www.instagram.com/tc_neuquino/?hl=es,https://lucasmarandola.github.io/taiyoracingco/goodies/map/icons_event/competencias/tc_neuquino.jpg,NONE
#OldTimeMeet,EVENT,Consultar detalles del evento en Instagram.,-35.43423162,-60.90831145,2024-12-08,Autódromo 9 de Julio,https://www.instagram.com/oldtimemeet.oficial/,https://lucasmarandola.github.io/taiyoracingco/goodies/map/icons_event/oldtimemeet.oficial.jpg,NONE
Copa Gol VW del Sudeste,RACE,Consultar detalles del evento en Instagram.,-38.35484867,-59.59093703,2024-12-08,Autodromo San Cayetano,https://www.instagram.com/vwgolsud/,https://lucasmarandola.github.io/taiyoracingco/goodies/map/icons_event/competencias/vwgolsud.jpg,NONE
Turismo Sport del Sudeste,RACE,Consultar detalles del evento en Instagram.,-38.35484867,-59.59093703,2024-12-08,Autodromo San Cayetano,https://www.instagram.com/tssudeste/,https://lucasmarandola.github.io/taiyoracingco/goodies/map/icons_event/competencias/tssudeste.jpg,NONE
Fórmula Renault Plus CBA,RACE,Consultar detalles del evento en Instagram.,-31.57830129,-64.36767439,2024-12-08,Autódromo Oscar Cabalén,https://www.instagram.com/fr_pluscba/,https://lucasmarandola.github.io/taiyoracingco/goodies/map/icons_event/competencias/fr_pluscba.jpg,NONE
Turismo Pista Neuquino,RACE,Consultar detalles del evento en Instagram.,-38.85379471,-68.15331741,2024-12-08,Autódromo Parque Provincia del Neuquén,https://www.instagram.com/turismopistaneuquino/,https://lucasmarandola.github.io/taiyoracingco/goodies/map/icons_event/competencias/turismopistaneuquino.jpg,NONE
TC Neuquino,RACE,Consultar detalles del evento en Instagram.,-38.85379471,-68.15331741,2024-12-08,Autódromo Parque Provincia del Neuquén,https://www.instagram.com/tc_neuquino/?hl=es,https://lucasmarandola.github.io/taiyoracingco/goodies/map/icons_event/competencias/tc_neuquino.jpg,NONE
TC Regional,RACE,Consultar detalles del evento en Instagram.,-35.43423162,-60.90831145,2024-12-07,Autódromo 9 de Julio,https://www.instagram.com/tcregionalok/,https://lucasmarandola.github.io/taiyoracingco/goodies/map/icons_event/competencias/tcregionalok.jpg,NONE
TCR South America,RACE,Consultar detalles del evento en Instagram.,-27.51146567,-64.92034052,2024-12-02,Circuito Internacional Termas de Río Hondo,https://www.instagram.com/tcr_southamerica,https://lucasmarandola.github.io/taiyoracingco/goodies/map/icons_event/competencias/tcr_southamerica.jpg,NONE
Turismo Carretera,RACE,El campeonato más icónico de Argentina y la categoría más antigua de competición del mundo.,-34.9808642,-58.18128397,2024-12-02,Autódromo Roberto José Mouras,https://www.instagram.com/actcargentina/,https://lucasmarandola.github.io/taiyoracingco/goodies/map/icons_event/competencias/actcargentina.jpg,NONE
Campeonato Argentino Pista,RACE,Consultar detalles del evento en Instagram.,-34.69522091,-58.46177878,2024-12-02,Autódromo Oscar y Juan Gálvez,https://www.instagram.com/campeonatoargentinopista/,https://lucasmarandola.github.io/taiyoracingco/goodies/map/icons_event/competencias/campeonatoargentinopista.jpg,NONE
Nuevo Car Show,RACE,Consultar detalles del evento en Instagram.,-33.395274,-60.20191525,2024-12-02,Autódromo De San Nicolás,https://www.instagram.com/nuevo.car_show/,https://lucasmarandola.github.io/taiyoracingco/goodies/map/icons_event/competencias/nuevo.car_show.jpg,NONE
Gran Turismo Promocional,RACE,Consultar detalles del evento en Instagram.,-38.68286008,-62.1761903,2024-12-02,Autódromo Ezequiel Crisol,https://www.instagram.com/granturismopromocional/,https://lucasmarandola.github.io/taiyoracingco/goodies/map/icons_event/competencias/granturismopromocional.jpg,NONE
AFR Car Show Necochea,MEET,Consultar detalles del evento en Instagram.,-38.56370143,-58.71566939,2024-12-01,"Camping y Cabañas ""Rio Quequén""",https://www.instagram.com/afr_necochea,https://lucasmarandola.github.io/taiyoracingco/goodies/map/icons_event/afr_necochea.jpg,NONE
Campeonato Argentino Pista,RACE,Consultar detalles del evento en Instagram.,-34.69522091,-58.46177878,2024-12-01,Autódromo Oscar y Juan Gálvez,https://www.instagram.com/campeonatoargentinopista/,https://lucasmarandola.github.io/taiyoracingco/goodies/map/icons_event/competencias/campeonatoargentinopista.jpg,NONE
Gran Turismo Promocional,RACE,Consultar detalles del evento en Instagram.,-38.68286008,-62.1761903,2024-12-01,Autódromo Ezequiel Crisol,https://www.instagram.com/granturismopromocional/,https://lucasmarandola.github.io/taiyoracingco/goodies/map/icons_event/competencias/granturismopromocional.jpg,NONE
Rally de Mina Clavero,RACE,Consultar detalles del evento en Instagram.,-31.7209772,-65.00413411,2024-11-30,Mina Clavero,https://www.instagram.com/rallyargentino/,https://lucasmarandola.github.io/taiyoracingco/goodies/map/icons_event/competencias/rallyargentino.jpg,NONE
1000 Millas Sport,RACE,Consultar detalles del evento en Instagram.,-41.05774662,-71.53132451,2024-11-28,Hotel Llao Llao,https://www.instagram.com/1000millassport/,https://lucasmarandola.github.io/taiyoracingco/goodies/map/icons_event/competencias/1000millassport.jpg,NONE
Fórmula 4 Nueva Generación,RACE,Consultar detalles del evento en Instagram.,-34.9808642,-58.18128397,2024-11-25,Autódromo Roberto José Mouras,https://www.instagram.com/formula4ng/,https://lucasmarandola.github.io/taiyoracingco/goodies/map/icons_event/competencias/formula4ng.jpg,NONE
TC2000,RACE,Consultar detalles del evento en Instagram.,-31.57830129,-64.36767439,2024-11-25,Autódromo Oscar Cabalén,https://www.instagram.com/supertc2000/,https://lucasmarandola.github.io/taiyoracingco/goodies/map/icons_event/competencias/supertc2000.jpg,NONE
ProCar 4000,RACE,Consultar detalles del evento en Instagram.,-34.69522091,-58.46177878,2024-11-25,Autódromo Oscar y Juan Gálvez,https://www.instagram.com/procar4000/,https://lucasmarandola.github.io/taiyoracingco/goodies/map/icons_event/competencias/procar4000.jpg,NONE
Mayores Del Sudeste,RACE,Consultar detalles del evento en Instagram.,-38.35484867,-59.59093703,2024-11-25,Autodromo San Cayetano,https://www.instagram.com/mayoresdelsudeste,https://lucasmarandola.github.io/taiyoracingco/goodies/map/icons_event/competencias/mayoresdelsudeste.jpg,NONE
Turismo Pista,RACE,Una competencia donde reina la paridad mecánica entre autos de calle y las habilidad del piloto se vuelve protagonista.,-31.90899952,-61.86398212,2024-11-24,Autódromo Parque de la Velocidad,https://www.instagram.com/turismopista,https://lucasmarandola.github.io/taiyoracingco/goodies/map/icons_event/competencias/turismopista.jpg,NONE
Mayores Del Sudeste,RACE,Consultar detalles del evento en Instagram.,-38.35484867,-59.59093703,2024-11-24,Autodromo San Cayetano,https://www.instagram.com/mayoresdelsudeste,https://lucasmarandola.github.io/taiyoracingco/goodies/map/icons_event/competencias/mayoresdelsudeste.jpg,NONE
Turismo Pista,RACE,Una competencia donde reina la paridad mecánica entre autos de calle y las habilidad del piloto se vuelve protagonista.,-31.90899952,-61.86398212,2024-11-23,Autódromo Parque de la Velocidad,https://www.instagram.com/turismopista,https://lucasmarandola.github.io/taiyoracingco/goodies/map/icons_event/competencias/turismopista.jpg,NONE
Turismo Pista,RACE,Una competencia donde reina la paridad mecánica entre autos de calle y las habilidad del piloto se vuelve protagonista.,-31.90899952,-61.86398212,2024-11-22,Autódromo Parque de la Velocidad,https://www.instagram.com/turismopista,https://lucasmarandola.github.io/taiyoracingco/goodies/map/icons_event/competencias/turismopista.jpg,NONE
Top Race,RACE,Consultar detalles del evento en Instagram.,-34.69522091,-58.46177878,2024-11-18,Autódromo Óscar y Juan Gálvez,https://www.instagram.com/topraceok,https://lucasmarandola.github.io/taiyoracingco/goodies/map/icons_event/competencias/topraceok.jpg,NONE
Copa Gol VW del Sudeste,RACE,Consultar detalles del evento en Instagram.,-36.85956009,-60.25161181,2024-11-18,Autódromo Hermanos Emiliozzi,https://www.instagram.com/vwgolsud/,https://lucasmarandola.github.io/taiyoracingco/goodies/map/icons_event/competencias/vwgolsud.jpg,NONE
Turismo Sport del Sudeste,RACE,Consultar detalles del evento en Instagram.,-36.85956009,-60.25161181,2024-11-18,Autódromo Hermanos Emiliozzi,https://www.instagram.com/tssudeste/,https://lucasmarandola.github.io/taiyoracingco/goodies/map/icons_event/competencias/tssudeste.jpg,NONE
Copa Gol VW del Sudeste,RACE,Consultar detalles del evento en Instagram.,-36.85956009,-60.25161181,2024-11-17,Autódromo Hermanos Emiliozzi,https://www.instagram.com/vwgolsud/,https://lucasmarandola.github.io/taiyoracingco/goodies/map/icons_event/competencias/vwgolsud.jpg,NONE
Turismo Sport del Sudeste,RACE,Consultar detalles del evento en Instagram.,-36.85956009,-60.25161181,2024-11-17,Autódromo Hermanos Emiliozzi,https://www.instagram.com/tssudeste/,https://lucasmarandola.github.io/taiyoracingco/goodies/map/icons_event/competencias/tssudeste.jpg,NONE
ALMA,RACE,Consultar detalles del evento en Instagram.,-34.9808642,-58.18128397,2024-11-11,Autódromo Roberto José Mouras,https://www.instagram.com/almaprensa,https://lucasmarandola.github.io/taiyoracingco/goodies/map/icons_event/competencias/almaprensa.jpg,NONE
Garage Motorshow 2024,MEET,"El mayor evento motor de Argentina regresa, reuniendo los vehículos más destacados del país. Durante dos días, se exhibirán autos clásicos, hot rods, tunings y más en Palermo, brindando a los aficionados una experiencia imperdible tras un largo tiempo de espera.",-34.57966448,-58.42097281,2024-11-11,La Rural,https://www.instagram.com/elgarage_tv,https://lucasmarandola.github.io/taiyoracingco/goodies/map/icons_event/elgarage_tv.jpg,NONE
TCR South America,RACE,Consultar detalles del evento en Instagram.,-32.90840695,-60.74668223,2024-11-11,Autódromo Municipal Juan Manuel Fangio,https://www.instagram.com/tcr_southamerica,https://lucasmarandola.github.io/taiyoracingco/goodies/map/icons_event/competencias/tcr_southamerica.jpg,NONE
Turismo Carretera,RACE,El campeonato más icónico de Argentina y la categoría más antigua de competición del mundo.,-36.72891486,-64.34885602,2024-11-11,Autódromo Provincia de La Pampa,https://www.instagram.com/actcargentina/,https://lucasmarandola.github.io/taiyoracingco/goodies/map/icons_event/competencias/actcargentina.jpg,NONE
Turismo Internacional,RACE,Libertad de preparación y una multitud de orígenes: la única regla de mayor importancia es que los autos hayan sido comercializados en el mercado argentino.,-33.395274,-60.20191525,2024-11-11,Autódromo De San Nicolás,https://www.instagram.com/turismointerok/,https://lucasmarandola.github.io/taiyoracingco/goodies/map/icons_event/competencias/turismointerok.jpg,NONE
Nuevo Car Show,RACE,Consultar detalles del evento en Instagram.,-31.90899952,-61.86398212,2024-11-11,Autódromo de San Jorge,https://www.instagram.com/nuevo.car_show/,https://lucasmarandola.github.io/taiyoracingco/goodies/map/icons_event/competencias/nuevo.car_show.jpg,NONE
Turismo Pista Gol 1.6 ,RACE,Consultar detalles del evento en Instagram.,-45.90335199,-67.54694693,2024-11-11,Autódromo General San Martín,https://www.instagram.com/turismopistagol1.6/,https://lucasmarandola.github.io/taiyoracingco/goodies/map/icons_event/competencias/turismopistagol1.6.jpg,NONE
TC Patagonico,RACE,Consultar detalles del evento en Instagram.,-45.90335199,-67.54694693,2024-11-11,Autódromo General San Martín,https://www.instagram.com/tcpatagonicoprensa,https://lucasmarandola.github.io/taiyoracingco/goodies/map/icons_event/competencias/tcpatagonicoprensa.jpg,NONE
Turismo Pista Neuquino,RACE,Consultar detalles del evento en Instagram.,-38.85379471,-68.15331741,2024-11-11,Autódromo Parque Provincia del Neuquén,https://www.instagram.com/turismopistaneuquino/,https://lucasmarandola.github.io/taiyoracingco/goodies/map/icons_event/competencias/turismopistaneuquino.jpg,NONE
TC Neuquino,RACE,Consultar detalles del evento en Instagram.,-38.85379471,-68.15331741,2024-11-11,Autódromo Parque Provincia del Neuquén,https://www.instagram.com/tc_neuquino/?hl=es,https://lucasmarandola.github.io/taiyoracingco/goodies/map/icons_event/competencias/tc_neuquino.jpg,NONE
Garage Motorshow 2024,MEET,"El mayor evento motor de Argentina regresa, reuniendo los vehículos más destacados del país. Durante dos días, se exhibirán autos clásicos, hot rods, tunings y más en Palermo, brindando a los aficionados una experiencia imperdible tras un largo tiempo de espera.",-34.57966448,-58.42097281,2024-11-10,La Rural,https://www.instagram.com/elgarage_tv,https://lucasmarandola.github.io/taiyoracingco/goodies/map/icons_event/elgarage_tv.jpg,NONE
Turismo Internacional,RACE,Libertad de preparación y una multitud de orígenes: la única regla de mayor importancia es que los autos hayan sido comercializados en el mercado argentino.,-33.395274,-60.20191525,2024-11-10,Autódromo De San Nicolás,https://www.instagram.com/turismointerok/,https://lucasmarandola.github.io/taiyoracingco/goodies/map/icons_event/competencias/turismointerok.jpg,NONE
TC Patagonico,RACE,Consultar detalles del evento en Instagram.,-45.90335199,-67.54694693,2024-11-10,Autódromo General San Martín,https://www.instagram.com/tcpatagonicoprensa,https://lucasmarandola.github.io/taiyoracingco/goodies/map/icons_event/competencias/tcpatagonicoprensa.jpg,NONE
Turismo Pista Neuquino,RACE,Consultar detalles del evento en Instagram.,-38.85379471,-68.15331741,2024-11-10,Autódromo Parque Provincia del Neuquén,https://www.instagram.com/turismopistaneuquino/,https://lucasmarandola.github.io/taiyoracingco/goodies/map/icons_event/competencias/turismopistaneuquino.jpg,NONE
TC Neuquino,RACE,Consultar detalles del evento en Instagram.,-38.85379471,-68.15331741,2024-11-10,Autódromo Parque Provincia del Neuquén,https://www.instagram.com/tc_neuquino/?hl=es,https://lucasmarandola.github.io/taiyoracingco/goodies/map/icons_event/competencias/tc_neuquino.jpg,NONE
TC Patagonico,RACE,Consultar detalles del evento en Instagram.,-45.90335199,-67.54694693,2024-11-09,Autódromo General San Martín,https://www.instagram.com/tcpatagonicoprensa,https://lucasmarandola.github.io/taiyoracingco/goodies/map/icons_event/competencias/tcpatagonicoprensa.jpg,NONE
Córdoba Pista,RACE,Consultar detalles del evento en Instagram.,-33.17795352,-64.3656885,2024-11-04,Autódromo de Río Cuarto,https://www.instagram.com/CordobaPista/,https://lucasmarandola.github.io/taiyoracingco/goodies/map/icons_event/competencias/cordobapista.jpg,NONE
OUTATIME TRACK MRS,EVENT,Consultar detalles del evento en Instagram.,-34.69522091,-58.46177878,2024-11-04,Autódromo Oscar y Juan Galvez,https://www.instagram.com/outatime.track/,https://lucasmarandola.github.io/taiyoracingco/goodies/events/event_logos/outatime.track.jpeg,NONE
Campeonato Argentino Pista,RACE,Consultar detalles del evento en Instagram.,-34.69522091,-58.46177878,2024-11-04,Autódromo Oscar y Juan Gálvez,https://www.instagram.com/campeonatoargentinopista/,https://lucasmarandola.github.io/taiyoracingco/goodies/map/icons_event/competencias/campeonatoargentinopista.jpg,NONE
Mayores Del Sudeste,RACE,Consultar detalles del evento en Instagram.,-38.40812561,-60.22242641,2024-11-04,Autodromo Tres Arroyos Segundo Taraborelli,https://www.instagram.com/mayoresdelsudeste,https://lucasmarandola.github.io/taiyoracingco/goodies/map/icons_event/competencias/mayoresdelsudeste.jpg,NONE
Fórmula Renault Plus CBA,RACE,Consultar detalles del evento en Instagram.,-33.17795352,-64.3656885,2024-11-04,Autódromo de Río Cuarto,https://www.instagram.com/fr_pluscba/,https://lucasmarandola.github.io/taiyoracingco/goodies/map/icons_event/competencias/fr_pluscba.jpg,NONE
AKINAFESTIVAL,MEET,Consultar detalles del evento en Instagram.,-34.55829164,-58.49648419,2024-11-04,Parque Sarmiento,https://www.instagram.com/a.k.crew_/,https://lucasmarandola.github.io/taiyoracingco/goodies/events/event_logos/a.k.crew_.jpg,NONE
Premio Hermanos Dellepiane,RACE,Consultar detalles del evento en Instagram.,-34.69522091,-58.46177878,2024-11-03,Autódromo Óscar y Juan Gálvez,https://www.instagram.com/clubautossport/,https://lucasmarandola.github.io/taiyoracingco/goodies/map/icons_event/competencias/clubautossport.jpg,NONE
Campeonato Argentino Pista,RACE,Consultar detalles del evento en Instagram.,-34.69522091,-58.46177878,2024-11-03,Autódromo Oscar y Juan Gálvez,https://www.instagram.com/campeonatoargentinopista/,https://lucasmarandola.github.io/taiyoracingco/goodies/map/icons_event/competencias/campeonatoargentinopista.jpg,NONE
Mayores Del Sudeste,RACE,Consultar detalles del evento en Instagram.,-38.40812561,-60.22242641,2024-11-03,Autodromo Tres Arroyos Segundo Taraborelli,https://www.instagram.com/mayoresdelsudeste,https://lucasmarandola.github.io/taiyoracingco/goodies/map/icons_event/competencias/mayoresdelsudeste.jpg,NONE
Fórmula Renault Plus CBA,RACE,Consultar detalles del evento en Instagram.,-33.17795352,-64.3656885,2024-11-03,Autódromo de Río Cuarto,https://www.instagram.com/fr_pluscba/,https://lucasmarandola.github.io/taiyoracingco/goodies/map/icons_event/competencias/fr_pluscba.jpg,NONE
AKINAFESTIVAL,MEET,Consultar detalles del evento en Instagram.,-34.55829164,-58.49648419,2024-11-03,Parque Sarmiento,https://www.instagram.com/a.k.crew_/,https://lucasmarandola.github.io/taiyoracingco/goodies/events/event_logos/a.k.crew_.jpg,NONE
HALOWEEN FEST,MEET,Consultar detalles del evento en Instagram.,-34.39797797,-58.67307273,2024-11-02,Mustang Meat Market,https://www.instagram.com/prontorotulo/,https://lucasmarandola.github.io/taiyoracingco/goodies/map/icons_place/pronto%20rotulo.png,NONE
KAMIKAZE DRIFT TEAM MEET #2,MEET,Consultar detalles del evento en Instagram.,-34.44764329,-58.88684688,2024-10-28,ChangoMás Pilar,https://www.instagram.com/kamikazedriftteam/,https://lucasmarandola.github.io/taiyoracingco/goodies/map/icons_event/kamikazedriftteam.jpg,NONE
EXPO Renault Classic Argentina,MEET,Consultar detalles del evento en Instagram.,-34.40914317,-58.59098127,2024-10-28,Museo de Arte de Tigre,https://www.instagram.com/renaultclassicarg/,https://lucasmarandola.github.io/taiyoracingco/goodies/map/icons_event/Foto%20del%20perfil%20de%20renaultclassicarg.jpg,NONE
Fórmula 07,RACE,Consultar detalles del evento en Instagram.,-34.9808642,-58.18128397,2024-10-28,Autódromo Roberto José Mouras,https://www.instagram.com/asociacionpilotosformula07/,https://lucasmarandola.github.io/taiyoracingco/goodies/map/icons_event/competencias/asociacionpilotosformula07.jpg,NONE
JAPAN MEEET BUENOS AIRES,MEET,¡La Expo JDM más importante de la Argentina! ,-34.54633534,-58.48786423,2024-10-28,DOT Baires Shopping,https://www.instagram.com/bertaexperience/,https://lucasmarandola.github.io/taiyoracingco/goodies/map/icons_event/bertaexperience.jpeg,NONE
Gran Turismo Promocional,RACE,Consultar detalles del evento en Instagram.,-40.85807064,-63.01576334,2024-10-28,Autódromo Ciudad de Viedma,https://www.instagram.com/granturismopromocional/,https://lucasmarandola.github.io/taiyoracingco/goodies/map/icons_event/competencias/granturismopromocional.jpg,NONE
Fórmula 07,RACE,Consultar detalles del evento en Instagram.,-34.9808642,-58.18128397,2024-10-27,Autódromo Roberto José Mouras,https://www.instagram.com/asociacionpilotosformula07/,https://lucasmarandola.github.io/taiyoracingco/goodies/map/icons_event/competencias/asociacionpilotosformula07.jpg,NONE
Gran Turismo Promocional,RACE,Consultar detalles del evento en Instagram.,-40.85807064,-63.01576334,2024-10-27,Autódromo Ciudad de Viedma,https://www.instagram.com/granturismopromocional/,https://lucasmarandola.github.io/taiyoracingco/goodies/map/icons_event/competencias/granturismopromocional.jpg,NONE
Latinoamérica Cars,MEET,Consultar detalles del evento en Instagram.,-34.80001751,-58.17953527,2024-10-27,Parque Industrial Hudson,https://www.instagram.com/latinoamerica.cars/,https://lucasmarandola.github.io/taiyoracingco/goodies/map/icons_event/latinamericacars.jpg,NONE
F1LIVE / MEXICO,OTHER,Consultar detalles del evento en Instagram.,-34.47927174,-58.49383346,2024-10-27,Pronto Rotulo BUE,https://www.instagram.com/prontorotulo/,https://lucasmarandola.github.io/taiyoracingco/goodies/map/icons_place/pronto%20rotulo.png,NONE
Rally de Coronel Pringles,RACE,Consultar detalles del evento en Instagram.,-37.9852761,-61.34979714,2024-10-25,Municipalidad de Coronel Pringles,https://www.instagram.com/pringlesrallyargentino/,https://lucasmarandola.github.io/taiyoracingco/goodies/map/icons_event/competencias/pringlesrallyargentino.jpg,NONE
TRACK NIGHT VIP LAPS,RACE,Consultar detalles del evento en Instagram.,-34.69522091,-58.46177878,2024-10-24,Autódromo Óscar y Juan Gálvez,https://www.instagram.com/prontorotulo/,https://lucasmarandola.github.io/taiyoracingco/goodies/map/icons_place/pronto%20rotulo.png,NONE
Turismo Carretera,RACE,El campeonato más icónico de Argentina y la categoría más antigua de competición del mundo.,-33.395274,-60.20191525,2024-10-21,Autódromo De San Nicolás,https://www.instagram.com/actcargentina/,https://lucasmarandola.github.io/taiyoracingco/goodies/map/icons_event/competencias/actcargentina.jpg,NONE
Turismo Internacional,RACE,Libertad de preparación y una multitud de orígenes: la única regla de mayor importancia es que los autos hayan sido comercializados en el mercado argentino.,-34.9808642,-58.18128397,2024-10-21,Autódromo Roberto José Mouras,https://www.instagram.com/turismointerok/,https://lucasmarandola.github.io/taiyoracingco/goodies/map/icons_event/competencias/turismointerok.jpg,NONE
ProCar 4000,RACE,Consultar detalles del evento en Instagram.,-34.69522091,-58.46177878,2024-10-21,Autódromo Oscar y Juan Gálvez,https://www.instagram.com/procar4000/,https://lucasmarandola.github.io/taiyoracingco/goodies/map/icons_event/competencias/procar4000.jpg,NONE
F1LIVE / AUSTIN,OTHER,Consultar detalles del evento en Instagram.,-34.47927174,-58.49383346,2024-10-21,Pronto Rotulo BUE,https://www.instagram.com/prontorotulo/,https://lucasmarandola.github.io/taiyoracingco/goodies/map/icons_place/pronto%20rotulo.png,NONE
Track Day Argentina,EVENT,"Una serie de jornadas de tandas en circuito organizadas desde 2010, que permiten a entusiastas conducir en un circuito profesional y seguro.",-31.39806286,-68.56743976,2024-10-20,Circuito San Juan Villicum,https://www.instagram.com/track_day_argentina/,https://lucasmarandola.github.io/taiyoracingco/goodies/events/event_logos/trackday.jpg,NONE
Turismo Internacional,RACE,Libertad de preparación y una multitud de orígenes: la única regla de mayor importancia es que los autos hayan sido comercializados en el mercado argentino.,-34.9808642,-58.18128397,2024-10-20,Autódromo Roberto José Mouras,https://www.instagram.com/turismointerok/,https://lucasmarandola.github.io/taiyoracingco/goodies/map/icons_event/competencias/turismointerok.jpg,NONE
Turismo Special de la Costa,RACE,Consultar detalles del evento en Instagram.,-34.9808642,-58.18128397,2024-10-20,Autódromo Roberto José Mouras,https://www.instagram.com/turismospecialdelacostatsc/,https://lucasmarandola.github.io/taiyoracingco/goodies/map/icons_event/competencias/turismospecialdelacostatsc.jpg,NONE
AUTOCLÁSICA 2024,MEET,La exposición de coches mas prestigiosa del país. ,-34.47502367,-58.51225154,2024-10-14,Hipódromo de San Isidro,https://www.instagram.com/autoclasica/,https://lucasmarandola.github.io/taiyoracingco/goodies/events/event_logos/autoclasica.jpg,NONE
Copa Bora 1.8T,RACE,Consultar detalles del evento en Instagram.,-31.39806286,-68.56743976,2024-10-14,Circuito San Juan Villicum,https://www.instagram.com/copaboraoficial/,https://lucasmarandola.github.io/taiyoracingco/goodies/map/icons_event/competencias/copaboraoficial.jpg,NONE
Copa Pistón de Cuarto de Milla,RACE,Consultar detalles del evento en Instagram.,-34.69522091,-58.46177878,2024-10-14,Autódromo Óscar y Juan Gálvez,https://www.instagram.com/octavodemilla.galvez,https://lucasmarandola.github.io/taiyoracingco/goodies/map/icons_event/competencias/octavodemilla.galvez.jpg,NONE
"Rally de Arrecifes ""Cuna de Campeones""",RACE,Consultar detalles del evento en Instagram.,-34.0756298,-60.10258186,2024-10-14,Autódromo de Arrecifes,https://www.instagram.com/rs.latam/,https://lucasmarandola.github.io/taiyoracingco/goodies/map/icons_event/competencias/rs.latam.jpg,NONE
Stance Society,MEET,Donde inició todo. ,-34.55829164,-58.49648419,2024-10-14,Parque Sarmiento,https://www.instagram.com/stancesocietyarg/,https://lucasmarandola.github.io/taiyoracingco/goodies/events/event_logos/event_stance.jpg,NONE
TC Mouras,RACE,Consultar detalles del evento en Instagram.,-34.9808642,-58.18128397,2024-10-14,Autódromo Roberto José Mouras,https://www.instagram.com/actcargentina/,https://lucasmarandola.github.io/taiyoracingco/goodies/map/icons_event/competencias/actcargentina.jpg,NONE
TC Pick Up,RACE,Consultar detalles del evento en Instagram.,-31.39806286,-68.56743976,2024-10-14,Circuito San Juan Villicum,https://www.instagram.com/actcargentina/,https://lucasmarandola.github.io/taiyoracingco/goodies/map/icons_event/competencias/actcargentina.jpg,NONE
Nuevo Car Show,RACE,Consultar detalles del evento en Instagram.,-31.57830129,-64.36767439,2024-10-14,Autódromo Oscar Cabalén,https://www.instagram.com/nuevo.car_show/,https://lucasmarandola.github.io/taiyoracingco/goodies/map/icons_event/competencias/nuevo.car_show.jpg,NONE
Copa Gol VW del Sudeste,RACE,Consultar detalles del evento en Instagram.,-38.40812561,-60.22242641,2024-10-14,Autodromo Tres Arroyos Segundo Taraborelli,https://www.instagram.com/vwgolsud/,https://lucasmarandola.github.io/taiyoracingco/goodies/map/icons_event/competencias/vwgolsud.jpg,NONE
Turismo Pista Gol 1.6 ,RACE,Consultar detalles del evento en Instagram.,-43.30095224,-65.27143454,2024-10-14,Autódromo Mar y Valle,https://www.instagram.com/turismopistagol1.6/,https://lucasmarandola.github.io/taiyoracingco/goodies/map/icons_event/competencias/turismopistagol1.6.jpg,NONE
TC Patagonico,RACE,Consultar detalles del evento en Instagram.,-43.30095224,-65.27143454,2024-10-14,Autódromo Mar y Valle,https://www.instagram.com/tcpatagonicoprensa,https://lucasmarandola.github.io/taiyoracingco/goodies/map/icons_event/competencias/tcpatagonicoprensa.jpg,NONE
Turismo Carretera Austral,RACE,Consultar detalles del evento en Instagram.,-43.30095224,-65.27143454,2024-10-14,Autódromo Mar y Valle,https://www.instagram.com/tcaustral/,https://lucasmarandola.github.io/taiyoracingco/goodies/map/icons_event/competencias/tcaustral.jpg,NONE
Formula 5 del Sudeste ,RACE,Consultar detalles del evento en Instagram.,-36.85956009,-60.25161181,2024-10-14,Autódromo Hermanos Emiliozzi,https://www.instagram.com/formula5sudeste.oficial,https://lucasmarandola.github.io/taiyoracingco/goodies/map/icons_event/competencias/formula5sudeste.oficial.jpg,NONE
AUTOCLÁSICA 2024,MEET,La exposición de coches mas prestigiosa del país. ,-34.47502367,-58.51225154,2024-10-13,Hipódromo de San Isidro,https://www.instagram.com/autoclasica/,https://lucasmarandola.github.io/taiyoracingco/goodies/events/event_logos/autoclasica.jpg,NONE
Copa Bora 1.8T,RACE,Consultar detalles del evento en Instagram.,-31.39806286,-68.56743976,2024-10-13,Circuito San Juan Villicum,https://www.instagram.com/copaboraoficial/,https://lucasmarandola.github.io/taiyoracingco/goodies/map/icons_event/competencias/copaboraoficial.jpg,NONE
MOONLIT,MEET,Car & Coffee Nights.,-34.56959658,-58.39805611,2024-10-13,TRIXIE American Dinner,https://www.instagram.com/moonlitcc/,https://lucasmarandola.github.io/taiyoracingco/goodies/map/icons_place/moonlit.jpg,https://drive.google.com/drive/folders/146Cz6LqH-H-piZhDeUSQtjAh_S1-Lv66
"Rally de Arrecifes ""Cuna de Campeones""",RACE,Consultar detalles del evento en Instagram.,-34.0756298,-60.10258186,2024-10-13,Autódromo de Arrecifes,https://www.instagram.com/rs.latam/,https://lucasmarandola.github.io/taiyoracingco/goodies/map/icons_event/competencias/rs.latam.jpg,NONE
Copa Gol VW del Sudeste,RACE,Consultar detalles del evento en Instagram.,-38.40812561,-60.22242641,2024-10-13,Autodromo Tres Arroyos Segundo Taraborelli,https://www.instagram.com/vwgolsud/,https://lucasmarandola.github.io/taiyoracingco/goodies/map/icons_event/competencias/vwgolsud.jpg,NONE
TC Patagonico,RACE,Consultar detalles del evento en Instagram.,-43.30095224,-65.27143454,2024-10-13,Autódromo Mar y Valle,https://www.instagram.com/tcpatagonicoprensa,https://lucasmarandola.github.io/taiyoracingco/goodies/map/icons_event/competencias/tcpatagonicoprensa.jpg,NONE
Turismo Carretera Austral,RACE,Consultar detalles del evento en Instagram.,-43.30095224,-65.27143454,2024-10-13,Autódromo Mar y Valle,https://www.instagram.com/tcaustral/,https://lucasmarandola.github.io/taiyoracingco/goodies/map/icons_event/competencias/tcaustral.jpg,NONE
AUTOCLÁSICA 2024,MEET,La exposición de coches mas prestigiosa del país. ,-34.47502367,-58.51225154,2024-10-12,Hipódromo de San Isidro,https://www.instagram.com/autoclasica/,https://lucasmarandola.github.io/taiyoracingco/goodies/events/event_logos/autoclasica.jpg,NONE
Copa Bora 1.8T,RACE,Consultar detalles del evento en Instagram.,-31.39806286,-68.56743976,2024-10-12,Circuito San Juan Villicum,https://www.instagram.com/copaboraoficial/,https://lucasmarandola.github.io/taiyoracingco/goodies/map/icons_event/competencias/copaboraoficial.jpg,NONE
"Rally de Arrecifes ""Cuna de Campeones""",RACE,Consultar detalles del evento en Instagram.,-34.0756298,-60.10258186,2024-10-12,Autódromo de Arrecifes,https://www.instagram.com/rs.latam/,https://lucasmarandola.github.io/taiyoracingco/goodies/map/icons_event/competencias/rs.latam.jpg,NONE
Track Day Argentina,EVENT,"Una serie de jornadas de tandas en circuito organizadas desde 2010, que permiten a entusiastas conducir en un circuito profesional y seguro.",-34.69522091,-58.46177878,2024-10-12,Autódromo Oscar y Juan Gálvez,https://www.instagram.com/track_day_argentina/,https://lucasmarandola.github.io/taiyoracingco/goodies/events/event_logos/trackday.jpg,NONE
TC Patagonico,RACE,Consultar detalles del evento en Instagram.,-43.30095224,-65.27143454,2024-10-12,Autódromo Mar y Valle,https://www.instagram.com/tcpatagonicoprensa,https://lucasmarandola.github.io/taiyoracingco/goodies/map/icons_event/competencias/tcpatagonicoprensa.jpg,NONE
Turismo Carretera Austral,RACE,Consultar detalles del evento en Instagram.,-43.30095224,-65.27143454,2024-10-12,Autódromo Mar y Valle,https://www.instagram.com/tcaustral/,https://lucasmarandola.github.io/taiyoracingco/goodies/map/icons_event/competencias/tcaustral.jpg,NONE
AUTOCLÁSICA 2024,MEET,La exposición de coches mas prestigiosa del país. ,-34.47502367,-58.51225154,2024-10-11,Hipódromo de San Isidro,https://www.instagram.com/autoclasica/,https://lucasmarandola.github.io/taiyoracingco/goodies/events/event_logos/autoclasica.jpg,NONE
600 LIGHT,RACE,Consultar detalles del evento en Instagram.,-34.9808642,-58.18128397,2024-10-07,Autódromo Roberto José Mouras,https://www.instagram.com/fiat600light1.3i,https://lucasmarandola.github.io/taiyoracingco/goodies/map/icons_event/competencias/fiat600light1.3i.jpg,NONE
AMIGOS FIAT 1400 ,RACE,Consultar detalles del evento en Instagram.,-34.9808642,-58.18128397,2024-10-07,Autódromo Roberto José Mouras,https://www.instagram.com/amigosfiat1400/,https://lucasmarandola.github.io/taiyoracingco/goodies/map/icons_event/competencias/amigosfiat1400.jpg,NONE
Copa Abarth Argentina,RACE,Consultar detalles del evento en Instagram.,-31.39806286,-68.56743976,2024-10-07,Circuito San Juan Villicum,https://www.instagram.com/copaabartharg,https://lucasmarandola.github.io/taiyoracingco/goodies/map/icons_event/competencias/copaabartharg.jpg,NONE
Experiencia Élite Motor Show,MEET,Consultar detalles del evento en Instagram.,-38.95771454,-68.11453755,2024-10-07,Casino Magic Neuquén,https://www.instagram.com/experienciaeliteargentina/,https://lucasmarandola.github.io/taiyoracingco/goodies/map/icons_event/experienciaeliteargentina.jpg,NONE
Fórmula 4 Nueva Generación,RACE,Consultar detalles del evento en Instagram.,-34.9808642,-58.18128397,2024-10-07,Autódromo Roberto José Mouras,https://www.instagram.com/formula4ng/,https://lucasmarandola.github.io/taiyoracingco/goodies/map/icons_event/competencias/formula4ng.jpg,NONE
Formula Nacional Argentina,RACE,Consultar detalles del evento en Instagram.,-34.69522091,-58.46177878,2024-10-07,Autódromo Óscar y Juan Gálvez,https://www.instagram.com/formulanacionalargentina/,https://lucasmarandola.github.io/taiyoracingco/goodies/map/icons_event/competencias/formulanacionalargentina.jpg,NONE
Monomarca Citroën,RACE,Consultar detalles del evento en Instagram.,-32.46012631,-58.31039468,2024-10-07,Autódromo de Concepción del Uruguay,https://www.instagram.com/monomarcacitroen/,https://lucasmarandola.github.io/taiyoracingco/goodies/map/icons_event/competencias/monomarcacitroen.jpg,NONE
Stock Car Pro Series,RACE,Consultar detalles del evento en Instagram.,-34.69522091,-58.46177878,2024-10-07,Autódromo Óscar y Juan Gálvez,https://www.instagram.com/stock_car/,https://lucasmarandola.github.io/taiyoracingco/goodies/map/icons_event/competencias/stock_car.jpg,NONE
TC2000,RACE,Consultar detalles del evento en Instagram.,-34.69522091,-58.46177878,2024-10-07,Autódromo Óscar y Juan Gálvez,https://www.instagram.com/supertc2000/,https://lucasmarandola.github.io/taiyoracingco/goodies/map/icons_event/competencias/supertc2000.jpg,NONE
TCR South America,RACE,Consultar detalles del evento en Instagram.,-34.69522091,-58.46177878,2024-10-07,Autódromo Óscar y Juan Gálvez,https://www.instagram.com/tcr_southamerica,https://lucasmarandola.github.io/taiyoracingco/goodies/map/icons_event/competencias/tcr_southamerica.jpg,NONE
"The Run 2024 (""Red Edition"")",MEET,"La quinta edición de “The Run”, organizada por Motor1 y El Hub Garage, será la “Red Edition”. Un desfile de autos rojos celebrará los 85 años de los Bomberos Voluntarios de San Isidro y recaudará fondos para el Hospital Central.",-34.48033594,-58.50696073,2024-10-07,Rotonda de Acassuso,https://www.instagram.com/motor1argentina/,https://lucasmarandola.github.io/taiyoracingco/goodies/map/icons_event/motor1.jpg,NONE
Turismo Nacional,RACE,Una competencia con autos de calle accesibles y cercanos al público. ,-31.39806286,-68.56743976,2024-10-07,Circuito San Juan Villicum,https://www.instagram.com/prensatn/,https://lucasmarandola.github.io/taiyoracingco/goodies/map/icons_event/competencias/prensatn.jpg,NONE
Córdoba Pista,RACE,Consultar detalles del evento en Instagram.,-31.57830129,-64.36767439,2024-10-07,Autódromo Oscar Cabalén,https://www.instagram.com/CordobaPista/,https://lucasmarandola.github.io/taiyoracingco/goodies/map/icons_event/competencias/cordobapista.jpg,NONE
Mayores Del Sudeste,RACE,Consultar detalles del evento en Instagram.,-38.35484867,-59.59093703,2024-10-07,Autodromo San Cayetano,https://www.instagram.com/mayoresdelsudeste,https://lucasmarandola.github.io/taiyoracingco/goodies/map/icons_event/competencias/mayoresdelsudeste.jpg,NONE
Fiat 600 ATN,RACE,Consultar detalles del evento en Instagram.,-34.9808642,-58.18128397,2024-10-07,Autódromo Roberto José Mouras,https://www.instagram.com/f600atn/,https://lucasmarandola.github.io/taiyoracingco/goodies/map/icons_event/competencias/f600atn.jpg,NONE
APAC 1.4,RACE,Consultar detalles del evento en Instagram.,-34.9808642,-58.18128397,2024-10-07,Autódromo Roberto José Mouras,https://www.instagram.com/apac1.4/,https://lucasmarandola.github.io/taiyoracingco/goodies/map/icons_event/competencias/apac1.4.jpg,NONE
Fórmula Renault Plus CBA,RACE,Consultar detalles del evento en Instagram.,-31.57830129,-64.36767439,2024-10-07,Autódromo Oscar Cabalén,https://www.instagram.com/fr_pluscba/,https://lucasmarandola.github.io/taiyoracingco/goodies/map/icons_event/competencias/fr_pluscba.jpg,NONE
Turismo Pista Neuquino,RACE,Consultar detalles del evento en Instagram.,-38.85379471,-68.15331741,2024-10-07,Autódromo Parque Provincia del Neuquén,https://www.instagram.com/turismopistaneuquino/,https://lucasmarandola.github.io/taiyoracingco/goodies/map/icons_event/competencias/turismopistaneuquino.jpg,NONE
TC Neuquino,RACE,Consultar detalles del evento en Instagram.,-38.85379471,-68.15331741,2024-10-07,Autódromo Parque Provincia del Neuquén,https://www.instagram.com/tc_neuquino/?hl=es,https://lucasmarandola.github.io/taiyoracingco/goodies/map/icons_event/competencias/tc_neuquino.jpg,NONE
Turismo Pista del Valle ,RACE,Consultar detalles del evento en Instagram.,-39.07609608,-67.57962134,2024-10-07,Autodromo Parque General Roca,https://www.instagram.com/turismopistadelvalleok/,https://lucasmarandola.github.io/taiyoracingco/goodies/map/icons_event/competencias/turismopistadelvalleok.jpg,NONE
Categorías Agrupadas Federadas,RACE,Consultar detalles del evento en Instagram.,-31.90899952,-61.86398212,2024-10-07,Autódromo de San Jorge,https://www.instagram.com/categoriasagrupadas,https://lucasmarandola.github.io/taiyoracingco/goodies/map/icons_event/competencias/categoriasagrupadas.jpg,NONE
FEMAD,RACE,Consultar detalles del evento en Instagram.,-45.90335199,-67.54694693,2024-10-07,Autódromo General San Martín,https://www.femadmza.com.ar/nueva/,https://lucasmarandola.github.io/taiyoracingco/goodies/map/icons_event/competencias/femad.jpg,NONE
6 horas de San Nicolás 2024,RACE,Consultar detalles del evento en Instagram.,-33.395274,-60.20191525,2024-10-06,Autódromo De San Nicolás,https://www.instagram.com/aaas1958/,https://lucasmarandola.github.io/taiyoracingco/goodies/map/icons_event/competencias/aaas1958.jpg,NONE
Experiencia Élite Motor Show,MEET,Consultar detalles del evento en Instagram.,-38.95771454,-68.11453755,2024-10-06,Casino Magic Neuquén,https://www.instagram.com/experienciaeliteargentina/,https://lucasmarandola.github.io/taiyoracingco/goodies/map/icons_event/experienciaeliteargentina.jpg,NONE
Monomarca Citroën,RACE,Consultar detalles del evento en Instagram.,-32.46012631,-58.31039468,2024-10-06,Autódromo de Concepción del Uruguay,https://www.instagram.com/monomarcacitroen/,https://lucasmarandola.github.io/taiyoracingco/goodies/map/icons_event/competencias/monomarcacitroen.jpg,NONE
Sport Driving Argentina,EVENT,"Una serie de tandas en pista en el autódromo Roberto Mouras de la ciudad de La Plata. Las clases están divididas por potencia y preparación, con un campeonato para equipos y pilotos.",-34.9808642,-58.18128397,2024-10-06,Autódromo Roberto José Mouras,https://www.instagram.com/sportdrivingargentina,https://lucasmarandola.github.io/taiyoracingco/goodies/events/event_logos/event_sportdrivingargentina.jpg,NONE
TC Regional,RACE,Consultar detalles del evento en Instagram.,-35.43423162,-60.90831145,2024-10-06,Autódromo 9 de Julio,https://www.instagram.com/tcregionalok/,https://lucasmarandola.github.io/taiyoracingco/goodies/map/icons_event/competencias/tcregionalok.jpg,NONE
Mayores Del Sudeste,RACE,Consultar detalles del evento en Instagram.,-38.35484867,-59.59093703,2024-10-06,Autodromo San Cayetano,https://www.instagram.com/mayoresdelsudeste,https://lucasmarandola.github.io/taiyoracingco/goodies/map/icons_event/competencias/mayoresdelsudeste.jpg,NONE
APAC 1.4,RACE,Consultar detalles del evento en Instagram.,-34.9808642,-58.18128397,2024-10-06,Autódromo Roberto José Mouras,https://www.instagram.com/apac1.4/,https://lucasmarandola.github.io/taiyoracingco/goodies/map/icons_event/competencias/apac1.4.jpg,NONE
Fórmula Renault Plus CBA,RACE,Consultar detalles del evento en Instagram.,-31.57830129,-64.36767439,2024-10-06,Autódromo Oscar Cabalén,https://www.instagram.com/fr_pluscba/,https://lucasmarandola.github.io/taiyoracingco/goodies/map/icons_event/competencias/fr_pluscba.jpg,NONE
Turismo Pista Neuquino,RACE,Consultar detalles del evento en Instagram.,-38.85379471,-68.15331741,2024-10-06,Autódromo Parque Provincia del Neuquén,https://www.instagram.com/turismopistaneuquino/,https://lucasmarandola.github.io/taiyoracingco/goodies/map/icons_event/competencias/turismopistaneuquino.jpg,NONE
TC Neuquino,RACE,Consultar detalles del evento en Instagram.,-38.85379471,-68.15331741,2024-10-06,Autódromo Parque Provincia del Neuquén,https://www.instagram.com/tc_neuquino/?hl=es,https://lucasmarandola.github.io/taiyoracingco/goodies/map/icons_event/competencias/tc_neuquino.jpg,NONE
Turismo Pista del Valle ,RACE,Consultar detalles del evento en Instagram.,-39.07609608,-67.57962134,2024-10-06,Autodromo Parque General Roca,https://www.instagram.com/turismopistadelvalleok/,https://lucasmarandola.github.io/taiyoracingco/goodies/map/icons_event/competencias/turismopistadelvalleok.jpg,NONE
Categorías Agrupadas Federadas,RACE,Consultar detalles del evento en Instagram.,-31.90899952,-61.86398212,2024-10-06,Autódromo de San Jorge,https://www.instagram.com/categoriasagrupadas,https://lucasmarandola.github.io/taiyoracingco/goodies/map/icons_event/competencias/categoriasagrupadas.jpg,NONE
FEMAD,RACE,Consultar detalles del evento en Instagram.,-45.90335199,-67.54694693,2024-10-06,Autódromo General San Martín,https://www.femadmza.com.ar/nueva/,https://lucasmarandola.github.io/taiyoracingco/goodies/map/icons_event/competencias/femad.jpg,NONE
BIMMER FEST,MEET,"Evento para dueños de coches de la marca BMW. Existen varios puntos de salida, consultar Instagram.",-34.53200445,-58.46841423,2024-09-30,"Ranchos, Buenos Aires",https://www.instagram.com/bmwe92clubargentina/,https://lucasmarandola.github.io/taiyoracingco/goodies/events/event_logos/bmwe92clubargentina.jpg,NONE
Distinguished Gentleman's Drive,EVENT,"Buenos Aires se une al evento global de coches clásicos de más de 40 años para apoyar la salud masculina junto a Movember. Recorrido confidencial y registro obligatorio. Estilo, clase y una causa noble, todo en una vuelta.",-34.58318427,-58.39236731,2024-09-30,Ubicación aproximada,https://www.instagram.com/oso__san/,https://lucasmarandola.github.io/taiyoracingco/goodies/map/icons_event/gentlemansdrive.jpg,NONE
Sport Prototipo,RACE,Consultar detalles del evento en Instagram.,-34.9808642,-58.18128397,2024-09-30,Autódromo Roberto José Mouras,https://www.instagram.com/sport_prototipo,https://lucasmarandola.github.io/taiyoracingco/goodies/map/icons_event/competencias/sport_prototipo.jpg,NONE
Sport Prototipo,RACE,Consultar detalles del evento en Instagram.,-34.9808642,-58.18128397,2024-09-29,Autódromo Roberto José Mouras,https://www.instagram.com/sport_prototipo,https://lucasmarandola.github.io/taiyoracingco/goodies/map/icons_event/competencias/sport_prototipo.jpg,NONE
Speed Club Argentina,EVENT,"Desde 2011, organizan Track Days y eventos automovilísticos. Son un grupo de entusiastas de los autos y profesionales dedicados, siempre enfocados en que sus clientes disfruten de sus vehículos en un entorno seguro. Inicia a las 18:00.",-34.69522091,-58.46177878,2024-09-27,Autódromo Oscar y Juan Gálvez,https://www.instagram.com/speedclubargentina/,https://lucasmarandola.github.io/taiyoracingco/goodies/events/event_logos/speedclubargentina.jpeg,NONE
Fiat Competizione,RACE,Consultar detalles del evento en Instagram.,-32.46012631,-58.31039468,2024-09-23,Autódromo de Concepción del Uruguay,https://www.instagram.com/fiatcompetizione/,https://lucasmarandola.github.io/taiyoracingco/goodies/map/icons_event/competencias/fiatcompetizione.jpg,NONE
Fórmula Uno Argentina,RACE,Consultar detalles del evento en Instagram.,-34.9808642,-58.18128397,2024-09-23,Autódromo Roberto José Mouras,https://www.instagram.com/formulaunoargentina,https://lucasmarandola.github.io/taiyoracingco/goodies/map/icons_event/competencias/formulaunoargentina.jpg,NONE
TC2000,RACE,Consultar detalles del evento en Instagram.,-32.46012631,-58.31039468,2024-09-23,Autódromo de Concepción del Uruguay,https://www.instagram.com/supertc2000/,https://lucasmarandola.github.io/taiyoracingco/goodies/map/icons_event/competencias/supertc2000.jpg,NONE
Turismo Pista,RACE,Una competencia donde reina la paridad mecánica entre autos de calle y las habilidad del piloto se vuelve protagonista.,-34.69522091,-58.46177878,2024-09-23,Autódromo Óscar y Juan Gálvez,https://www.instagram.com/turismopista,https://lucasmarandola.github.io/taiyoracingco/goodies/map/icons_event/competencias/turismopista.jpg,NONE
Fiat Competizione,RACE,Consultar detalles del evento en Instagram.,-32.46012631,-58.31039468,2024-09-22,Autódromo de Concepción del Uruguay,https://www.instagram.com/fiatcompetizione/,https://lucasmarandola.github.io/taiyoracingco/goodies/map/icons_event/competencias/fiatcompetizione.jpg,NONE
Fórmula Uno Argentina,RACE,Consultar detalles del evento en Instagram.,-34.9808642,-58.18128397,2024-09-22,Autódromo Roberto José Mouras,https://www.instagram.com/formulaunoargentina,https://lucasmarandola.github.io/taiyoracingco/goodies/map/icons_event/competencias/formulaunoargentina.jpg,NONE
Turismo Pista,RACE,Una competencia donde reina la paridad mecánica entre autos de calle y las habilidad del piloto se vuelve protagonista.,-34.69522091,-58.46177878,2024-09-22,Autódromo Óscar y Juan Gálvez,https://www.instagram.com/turismopista,https://lucasmarandola.github.io/taiyoracingco/goodies/map/icons_event/competencias/turismopista.jpg,NONE
Turismo Pista,RACE,Una competencia donde reina la paridad mecánica entre autos de calle y las habilidad del piloto se vuelve protagonista.,-34.69522091,-58.46177878,2024-09-21,Autódromo Óscar y Juan Gálvez,https://www.instagram.com/turismopista,https://lucasmarandola.github.io/taiyoracingco/goodies/map/icons_event/competencias/turismopista.jpg,NONE
MOONLIT CARS & COFFEE,MEET,Inicia a las 23 horas. ,-34.55053865,-58.42823682,2024-09-15,Pacha Park,https://www.instagram.com/moonlitcc/,https://lucasmarandola.github.io/taiyoracingco/goodies/map/icons_place/moonlit.jpg,NONE
Peugeot Day 2024,EVENT,¡La reunión donde vas a cruzarte con todos los modelos de la marca!,-34.07571127,-60.10268245,2024-09-15,Autodromo de Arrecifes,https://www.instagram.com/peugeot.garage.arg/,https://lucasmarandola.github.io/taiyoracingco/goodies/events/event_logos/peugeot.garage.arg.jpg,NONE
OUTATIME NIGHT EDITION,EVENT,De 18 a 23 hs.,-34.69522091,-58.46177878,2024-09-13,Autódromo Oscar y Juan Galvez,https://www.instagram.com/outatime.track/,https://lucasmarandola.github.io/taiyoracingco/goodies/events/event_logos/outatime.track.jpeg,NONE
Motorshow en Nordelta,MEET,La solidaridad es el motor del cambio.,-34.43092508,-58.64337896,2024-08-26,Av. de los Lagos 1250 ,https://www.instagram.com/motorshowok/,https://lucasmarandola.github.io/taiyoracingco/goodies/events/event_logos/motorshowok.jpg,NONE
Motorshow en Nordelta,MEET,La solidaridad es el motor del cambio.,-34.43092508,-58.64337896,2024-08-25,Av. de los Lagos 1250 ,https://www.instagram.com/motorshowok/,https://lucasmarandola.github.io/taiyoracingco/goodies/events/event_logos/motorshowok.jpg,NONE
JAPAN MEET SOLIDARIOS,MEET,Un evento para coches japoneses.,-34.6096303,-58.95122233,2024-08-12,Predio Estación Cultural,https://www.instagram.com/japan_meet_solidarios/,https://lucasmarandola.github.io/taiyoracingco/goodies/events/event_logos/meetsolidarios.jpg,NONE
MOTOR'S STYLE,MEET,Este evento se basará en que todas las personas invitadas puedan acceder a un ambiente tranquilo y sin ningún tipo de problema a la hora de entrar.,-34.55829164,-58.49648419,2024-08-12,Parque Sarmiento,https://www.instagram.com/motors.style_/,https://lucasmarandola.github.io/taiyoracingco/goodies/events/event_logos/motors.style_.jpg,https://lucasmarandola.github.io/taiyoracingco/goodies/map/event_mediapack/motors.style_.jpg
MRS AUTODROMO GALVEZ,EVENT,MRS AUTODROMO GALVEZ BY OUTATIME TRACK. Inicia a las 13:00.,-34.69522091,-58.46177878,2024-08-04,Autódromo Oscar y Juan Gálvez,https://www.instagram.com/outatime.track/,https://lucasmarandola.github.io/taiyoracingco/goodies/events/event_logos/outatime.track.jpeg,NONE
Honda Club Argentina,MEET,Evento para dueños de coches de la marca Honda. Inicia a las 22 horas.,-34.63405648,-58.51953971,2024-08-03,Predio Cancha de Vélez,https://www.instagram.com/hondaclubarg/,https://lucasmarandola.github.io/taiyoracingco/goodies/events/event_logos/hondaclubarg.jpg,NONE
Stance Society 4º Edición,MEET,De 12:30 a 19:00 hs,-34.39797797,-58.67307273,2024-07-29,Mustang Meat Market,https://www.instagram.com/stancesocietyarg/,https://lucasmarandola.github.io/taiyoracingco/goodies/events/event_logos/event_stance.jpg,NONE
Midget Buenos Aires,RACE,Consultar detalles del evento en Instagram.,-34.68261541,-58.4521059,2024-07-28,"Pista Roja ""Efren Chemolli""",https://www.instagram.com/midgetdebuenosairesoficial/,https://lucasmarandola.github.io/taiyoracingco/goodies/map/icons_event/competencias/midgetdebuenosairesoficial.jpg,NONE
CAPITALINAS JAPAN MEET,MEET,Viví la Segunda edición con los autos japoneses más importantes del pais.,-31.40680233,-64.19043777,2024-07-01,"Distrito Capitalinas, Córdoba",https://www.instagram.com/bertaexperience/,https://lucasmarandola.github.io/taiyoracingco/goodies/events/event_logos/bertaexperience.jpeg,NONE
MRS AUTODROMO GALVEZ,EVENT,De 12 a 18 hs.,-34.69522091,-58.46177878,2024-07-01,Autódromo Oscar y Juan Galvez,https://www.instagram.com/outatime.track/,https://lucasmarandola.github.io/taiyoracingco/goodies/events/event_logos/outatime.track.jpeg,NONE
CIVIC HATCHBACK CLUB ROLLIN MEET + BURGER,MEET,Un evento para dueños de Civics rumbo a Burger 54 en Nordelta.  El predio para estacionar es para unicamente invitados en lista. Son todos bienvenidos al evento pero no pueden estacionar en el predio los que no están anotados. Salida a las 12:30 PM.,-34.54159596,-58.46327513,2024-06-24,"Pasaja Comodoro Rivadavia, Cruce Av. Libertador",https://www.instagram.com/civic_hatchback_clubarg/,https://lucasmarandola.github.io/taiyoracingco/goodies/events/event_logos/civic_hatchback_clubarg.jpg,NONE
JDM Meet Solidario,MEET,Un evento para coches japoneses. Vamos a estar juntando comida y demás cosas para perritos y animales de refugios y en situación de calle.,-34.55829164,-58.49648419,2024-06-24,Parque Sarmiento,https://www.instagram.com/jdmsututu/,https://lucasmarandola.github.io/taiyoracingco/goodies/events/event_logos/jdmsututu.jpg,NONE
Exóticos en Argentina,MEET,Preparate para vivir el mejor evento de autos deportivos del país: Exóticos en Argentina. De 11 a 18hs.,-34.54615069,-58.44504451,2024-06-10,Club Hípico Argentino,https://www.instagram.com/exoticos_en_argentina/,https://lucasmarandola.github.io/taiyoracingco/goodies/events/event_logos/event_exoticos.jpg,NONE
WHEELS IN SIGHT,MEET,De 14 a 19 hs,-34.55829164,-58.49648419,2024-05-27,Parque Sarmiento,https://www.instagram.com/wheelsightarg/,https://lucasmarandola.github.io/taiyoracingco/goodies/events/event_logos/wheelsightarg.png,NONE
CARMEET ‘24,MEET,Exhibición de autos deportivos y clásicos. Inicia a las 11:00.,-34.57535706,-58.42738708,2024-05-04,"Regimiento de Infantería 1 ""PATRICIOS""",https://www.instagram.com/bertaexperience/,https://lucasmarandola.github.io/taiyoracingco/goodies/events/event_logos/bertaexperience.jpeg,NONE
FULL MRS TRACKDAY JUNIN BY OUTATIME,EVENT,FULL MRS TRACKDAY JUNIN BY OUTATIME . Inicia a las 9:00.,-34.65393789,-61.02015817,2024-04-21,Autodromo de Junin Eucebio Marcilla,https://www.instagram.com/outatime.track/,https://lucasmarandola.github.io/taiyoracingco/goodies/events/event_logos/outatime.track.jpeg,NONE
HALOWEEN CARMEET,MEET,Evento por invitación privada. Consulta Instagram para más información.,-34.59735355,-58.36428871,2024-11-01,Malecón Lounge Bar,https://www.instagram.com/tmc_argentina/,https://lucasmarandola.github.io/taiyoracingco/goodies/map/icons_event/tmc_argentina.jpg,NONE
Cars & Coffee Argentina,MEET,Consultar detalles del evento en Instagram.,-34.59735355,-58.36428871,1900-10-20,SECRET,https://www.instagram.com/carsandcoffee_argentina/,https://lucasmarandola.github.io/taiyoracingco/goodies/map/icons_event/carsandcoffee_argentina.jpg,NONE
Rally Pre 1000 MIllas 2024 ,EVENT,Consultar detalles del evento en Instagram.,-34.46869946,-58.94501492,2024-11-21,Pilará CARS,https://www.instagram.com/clubautossport/,https://lucasmarandola.github.io/taiyoracingco/goodies/map/icons_event/clubautossport.jpg,NONE
Premio Hermanos Dellepiane,EVENT,Consultar detalles del evento en Instagram.,-34.69522091,-58.46177878,2024-11-03,Autódromo Óscar y Juan Gálvez,https://www.instagram.com/clubautossport/,https://lucasmarandola.github.io/taiyoracingco/goodies/map/icons_event/clubautossport.jpg,NONE